"12110","OR","M","4.95","0"
"12110","OR","S","4.95","0"
"12110","OR","XS","4.95","20"
"12120","RD","L","5.5","8"
"12120","RD","M","5.5","0"
"12120","RD","S","5.5","49"
"12120","RD","XS","5.5","53"
"12130","BN","L","5.95","0"
"12130","BN","M","5.95","57"
"12130","BN","S","5.95","61"
"12130","BN","XS","5.95","83"
"12140","BN","L","5.95","0"
"12140","BN","M","5.95","21"
"12140","BN","S","5.95","16"
"12140","BN","XS","5.95","46"
"12160","WT","L","3.25","50"
"12160","WT","M","3.25","90"
"12160","WT","S","3.25","91"
"12160","WT","XS","3.25","104"
"12170","RD","L","6.95","54"
"12170","RD","M","6.95","89"
"12170","RD","S","6.95","60"
"12170","RD","XS","6.95","72"
"12180","GRY","L","6.95","19"
"12180","GRY","M","6.95","55"
"12180","GRY","S","6.95","54"
"12180","GRY","XS","6.95","34"
"12210","BN","L","4.95","41"
"12210","BN","M","4.95","42"
"12210","BN","S","4.95","58"
"12210","BN","XS","4.95","48"
"12211","PK","XS","4.95","23"
"12220","WT","L","4.95","0"
"12220","WT","M","4.95","15"
"12220","WT","S","4.95","17"
"12220","WT","XS","4.95","9"
"12230","GN","L","5.5","1"
"12230","GN","M","5.5","0"
"12230","GN","S","5.5","25"
"12230","GN","XS","5.5","0"
"21220","BN","none","27","0"
"21230","PK","none","27","27"
"21240","GN","none","27","27"
"21240","PK","none","33","45"
"21241","BL","none","33","50"
"21410","PK","M","14.99","0"
"21410","PK","S","11.99","0"
"21420","BL","M","11.99","12"
"21420","BL","S","11.99","0"
"21430","BG","none","17.5","2"
"21431","PK","none","17.5","87"
"21432","BL","none","17.5","100"
"21440","BL","none","8.95","287"
"21441","PK","none","8.95","294"
"21500","NA","none","27","175"
"21510","BG","none","12.5","125"
"21511","GN","none","12.5","51"
"21520","GRY","none","12.5","111"
"21610","PK","none","14","62"
"21611","BL","none","14","61"
"31210","PK","L","13.95","10"
"31210","PK","M","13.95","3"
"31210","PK","S","13.95","3"
"31210","PK","XL","13.95","22"
"31210","PK","XS","13.95","21"
"31211","BK","L","13.95","0"
"31211","BK","M","13.95","0"
"31211","BK","S","13.95","3"
"31211","BK","XL","13.95","0"
"31211","BK","XS","13.95","0"
"31212","RD","L","13.95","0"
"31212","RD","M","13.95","0"
"31212","RD","S","13.95","5"
"31212","RD","XL","13.95","0"
"31212","RD","XS","13.95","6"
"31310","PK","L","8.5","0"
"31310","PK","M","8.5","4"
"31310","PK","S","8.5","1"
"31310","PK","XL","8.5","1"
"31310","PK","XS","8.5","1"
"31310","PK","XXL","8.5","1"
"31311","BL","L","8.5","0"
"31311","BL","M","8.5","0"
"31311","BL","S","8.5","0"
"31311","BL","XL","8.5","0"
"31311","BL","XS","8.5","0"
"31311","BL","XXL","8.5","0"
"31312","BK","L","8.5","0"
"31312","BK","M","8.5","0"
"31312","BK","S","8.5","0"
"31312","BK","XL","8.5","0"
"31312","BK","XS","8.5","0"
"31312","BK","XXL","8.5","0"
"31313","RD","L","8.5","0"
"31313","RD","M","8.5","0"
"31313","RD","S","8.5","0"
"31313","RD","XL","8.5","0"
"31313","RD","XS","8.5","0"
"31313","RD","XXL","8.5","0"
"31320","PK","L","0","3"
"31320","PK","M","0","3"
"31320","PK","S","0","3"
"31320","PK","XL","0","0"
"31320","PK","XS","0","3"
"31320","PK","XXL","0","3"
"31321","BL","L","0","0"
"31321","BL","M","0","1"
"31321","BL","S","0","3"
"31321","BL","XL","0","0"
"31321","BL","XS","0","3"
"31321","BL","XXL","0","3"
"31322","BK","L","0","3"
"31322","BK","M","0","3"
"31322","BK","S","0","3"
"31322","BK","XL","0","3"
"31322","BK","XS","0","3"
"31322","BK","XXL","0","3"
"31323","RD","L","0","1"
"31323","RD","M","0","3"
"31323","RD","S","0","3"
"31323","RD","XL","0","3"
"31323","RD","XS","0","3"
"31323","RD","XXL","0","3"
"4020","RD","none","2.99","197"
"4021","BK","none","2.99","2"
"4022","PK","none","2.99","6"
"4024","RD","none","2.99","57"
"4030","PH","none","4.25","2"
"4031","BL","none","4.25","28"
"4032","PK","none","3.25","20"
"4033","GN","none","3.25","59"
"4034","BK","none","3.25","-1"
"4035","RD","none","3.25","20"
"4036","BL","none","3.25","123"
"4050","RD","none","4","30"
"4051","BL","none","4","12"
"4060","GN","none","3","119"
"41020","BK","L","2.25","196"
"41020","BK","M","2.25","279"
"41020","BK","S","2.25","181"
"41021","PK","L","2.25","190"
"41021","PK","M","2.25","245"
"41021","PK","S","2.25","287"
"41022","RD","L","2.25","198"
"41022","RD","M","2.25","269"
"41022","RD","S","2.25","227"
"41023","BL","L","2.25","208"
"41023","BL","M","2.25","242"
"41023","BL","S","2.25","151"
"41030","BK","L","3.25","164"
"41030","BK","M","3.25","128"
"41030","BK","S","3.25","70"
"41031","PK","L","3.25","210"
"41031","PK","M","3.25","135"
"41031","PK","S","3.25","7"
"41032","RD","L","3.25","114"
"41032","RD","M","3.25","120"
"41032","RD","S","3.25","45"
"41033","BL","L","3.25","136"
"41033","BL","M","3.25","117"
"41033","BL","S","3.25","-6"
"42010","GR","L","8","28"
"42010","GR","M","8","8"
"42010","GR","S","8","-4"
"42010","GR","XL","8","29"
"42010","GR","XS","8","18"
"42011","PK","L","8","54"
"42011","PK","M","8","44"
"42011","PK","S","8","89"
"42011","PK","XL","8","25"
"42011","PK","XS","8","67"
"42012","BK","L","8","42"
"42012","BK","M","8","40"
"42012","BK","S","8","30"
"42012","BK","XL","8","19"
"42012","BK","XS","8","41"
"42013","BN","L","8","76"
"42013","BN","M","8","55"
"42013","BN","S","8","38"
"42013","BN","XL","8","30"
"42013","BN","XS","8","42"
"42014","RD","L","8","51"
"42014","RD","M","8","35"
"42014","RD","S","8","43"
"42014","RD","XL","8","17"
"42014","RD","XS","8","29"
"42210","PK","L","6.75","16"
"42210","PK","M","6.75","14"
"42210","PK","S","6.75","1"
"42210","PK","XL","6.75","0"
"42210","PK","XS","6.75","24"
"42211","BN","L","6.75","72"
"42211","BN","M","6.75","41"
"42211","BN","S","6.75","73"
"42211","BN","XL","6.75","0"
"42211","BN","XS","6.75","116"
"42310","PK","L","7.6","68"
"42310","PK","M","7.6","52"
"42310","PK","S","7.6","63"
"42310","PK","XL","7.6","27"
"42310","PK","XS","7.6","65"
"42311","BK","L","7.6","76"
"42311","BK","M","7.6","50"
"42311","BK","S","7.6","66"
"42311","BK","XL","7.6","30"
"42311","BK","XS","7.6","57"
"42410","SL","L","10","47"
"42410","SL","M","9","82"
"42410","SL","S","8","98"
"42410","SL","XS","7","52"
"42411","GD","L","10","30"
"42411","GD","M","9","78"
"42411","GD","S","8","38"
"42411","GD","XS","7","13"
"42412","PK","L","10","43"
"42412","PK","M","9","115"
"42412","PK","S","8","206"
"42412","PK","XS","7","174"
"42413","BK","L","10","47"
"42413","BK","M","9","70"
"42413","BK","S","8","85"
"42413","BK","XS","7","82"
"42414","RD","L","10","63"
"42414","RD","M","9","49"
"42414","RD","S","8","63"
"42414","RD","XS","7","57"
"42415","BL","L","10","60"
"42415","BL","M","9","60"
"42415","BL","S","8","30"
"42415","BL","XS","7","59"
"42510","RD","L","7.95","66"
"42510","RD","M","7.95","91"
"42510","RD","S","7.95","92"
"42510","RD","XL","7.95","64"
"42511","BL","L","7.95","72"
"42511","BL","M","7.95","94"
"42511","BL","S","7.95","97"
"42511","BL","XL","7.95","67"
"42610","PK","L","4.95","21"
"42610","PK","M","4.95","14"
"42610","PK","S","4.95","13"
"42610","PK","XS","4.95","24"
"42611","BL","L","4.95","19"
"42611","BL","M","4.95","30"
"42611","BL","S","4.95","26"
"42611","BL","XS","4.95","21"
"42612","BK","L","4.95","15"
"42612","BK","M","4.95","26"
"42612","BK","S","4.95","30"
"42612","BK","XS","4.95","20"
"43010","GN","L","4.95","23"
"44010","PK","M","4.8","0"
"44011","BL","M","4.8","2"
"44011","BL","S","4.8","0"
"44012","BN","M","4.8","13"
"44012","BN","S","4.8","25"
"44110","PK","M","5.2","17"
"44210","RD","L","5.1","80"
"44210","RD","M","5.1","90"
"44210","RD","S","5.1","70"
"44210","RD","XL","5.1","102"
"44211","BK","L","5.1","84"
"44211","BK","M","5.1","81"
"44211","BK","S","5.1","63"
"44211","BK","XL","5.1","100"
"46010","CR","L","4.95","376"
"46010","CR","M","4.95","355"
"46010","CR","S","4.95","360"
"46010","CR","XS","4.95","378"
"46020","BK","L","4.95","423"
"46020","BK","M","4.95","408"
"46020","BK","S","4.95","406"
"46020","BK","XS","4.95","425"
"46021","BN","L","4.95","434"
"46021","BN","M","4.95","427"
"46021","BN","S","4.95","421"
"46021","BN","XS","4.95","433"
"46030","PK","L","4.95","405"
"46030","PK","M","4.95","396"
"46030","PK","S","4.95","395"
"46030","PK","XS","4.95","420"
"46031","BL","L","4.95","421"
"46031","BL","M","4.95","409"
"46031","BL","S","4.95","409"
"46031","BL","XS","4.95","431"
"5000","none","none","3.5","10"
"5100","none","none","4","104"
"51020","WH","none","7.5","0"
"512010","WT","none","4","36"
"512011","PK","none","4","95"
"512012","BL","none","4","76"
"512020","WT","none","4","47"
"512021","PK","none","4","82"
"512022","BL","none","4","131"
"512030","WT","none","4.5","25"
"512031","PK","none","4.5","26"
"512032","BL","none","4.5","26"
"512040","WT","none","4.5","84"
"512041","PK","none","4.5","21"
"512042","BL","none","4.5","37"
"513050","WT","none","6.75","61"
"513051","PK","none","7","47"
"513052","BL","none","7","62"
"514101","PK","none","6","25"
"514102","BL","none","6","28"
"514110","WT","none","5","10"
"514120","WT","none","5","30"
"514121","PK","none","5","30"
"514131","PK","none","4.5","13"
"514132","BL","none","4.5","23"
"515000","WT","none","6.25","10"
"515001","PK","none","6.25","16"
"515060","WT","none","5.5","10"
"515070","WT","none","5.5","16"
"515080","WT","none","5.5","34"
"515090","WT","none","5.5","53"
"515110","WT","none","6.25","1"
"515120","WT","none","6.25","11"
"515130","WT","none","6.25","21"
"515140","WT","none","5.5","3"
"515150","GN","none","5.5","17"
"515160","RD","none","5.5","19"
"515170","PK","none","6.25","34"
"515180","BL","none","6.25","37"
"516070","WT","none","4.5","-2"
"516080","WT","none","4.5","-1"
"516090","WT","none","0","30"
"516100","WT","none","5.5","-6"
"516110","WT","none","6.25","26"
"516120","WT","none","5.5","18"
"516130","WT","none","6.25","34"
"516131","WT","none","0","10"
"516140","WT","none","6.25","31"
"52010","GR","L","11","95"
"52010","GR","S","11","68"
"52011","PK","L","11","116"
"52011","PK","S","11","54"
"52012","BK","L","11","86"
"52012","BK","S","11","59"
"52013","BN","L","11","70"
"52013","BN","S","11","143"
"52014","RD","S","11","54"
"52210","PK","none","7.45","11"
"52211","BN","none","7.45","96"
"52310","PK","none","7.6","53"
"52311","BK","none","7.6","60"
"54010","PK","none","4.8","127"
"54011","BL","none","4.8","119"
"54012","BN","none","4.8","124"
"54110","PK","none","5.95","293"
"54210","RD","none","6.8","68"
"54211","BK","none","6.8","34"
"56010","CR","none","4.95","319"
"56020","BK","none","4.95","381"
"56021","BN","none","4.95","419"
"56030","PK","none","4.95","368"
"56031","BL","none","4.95","397"
"58312","BL","none","4","162"
"58320","RD","none","4","168"
"58330","PK","none","4","154"
"61110","SL","L","6","239"
"61110","SL","S","6","237"
"62110","RD","S","6.5","51"
"62111","BL","S","6.5","37"
"62112","RD","S","6.5","28"
"62120","PK","S","6.5","49"
"62121","PR","S","6.5","63"
"62122","PK","S","6.5","60"
"62123","PK","L","6.5","46"
"62124","PK","L","6.95","33"
"62124","PK","S","6.5","32"
"62130","BK","S","6.5","35"
"62131","WT","S","6.5","56"
"62132","BN","L","6.5","20"
"62132","BN","S","6.5","24"
"62140","BN","S","6.5","35"
"62141","PK","S","6.5","40"
"62150","PR","L","6.5","16"
"62150","PR","S","6.5","32"
"62151","SL","L","6.5","14"
"62151","SL","S","6.5","28"
"62160","PK","L","6.5","41"
"62160","PK","S","6.5","34"
"62161","YW","L","6.5","46"
"62161","YW","S","6.5","37"
"62162","BL","L","6.5","38"
"62162","BL","S","6.5","25"
"62170","PK","L","6.5","47"
"62171","BN","L","6.5","49"
"71012","BN","none","24","120"
"71013","BK","none","24","87"
"71210","BL","none","31","206"
"71211","BN","none","31","0"
"71212","BK","none","31","171"
"71220","BG","none","32","33"
"71310","GN","none","28","130"
"71311","BK","none","28","4"
"71312","BN","none","28","31"
"71420","BN","none","25","18"
"71510","BK","none","17","170"
"71511","BK","none","34","125"
"71520","BK","none","38","192"
"71530","BG","none","38","10"
"71620","GRY","none","18.95","42"
"8010","PK","L","6.99","75"
"8010","PK","M","6.99","39"
"8010","PK","S","6.99","2"
"8010","PK","XS","6.99","30"
"8011","GRY","L","6.99","27"
"8011","GRY","M","6.99","0"
"8011","GRY","S","6.99","0"
"8011","GRY","XS","6.99","7"
"8012","RD","L","9.99","64"
"8012","RD","M","9.99","97"
"8012","RD","S","9.99","97"
"8012","RD","XS","9.99","101"
"8013","BK","L","9.99","80"
"8013","BK","M","9.99","93"
"8013","BK","S","9.99","91"
"8013","BK","XS","9.99","125"
"8014","PK","L","9.99","68"
"8014","PK","M","9.99","70"
"8014","PK","S","9.99","80"
"8014","PK","XS","9.99","104"
"8015","YW","L","9.99","12"
"8015","YW","M","8.99","0"
"8015","YW","S","8.99","0"
"8015","YW","XS","8.99","0"
"8016","BL","L","9.99","75"
"8016","BL","M","9.99","90"
"8016","BL","S","9.99","15"
"8016","BL","XS","9.99","47"
"8017","BL","L","9.99","62"
"8017","BL","M","9.99","59"
"8017","BL","S","9.99","49"
"8017","BL","XS","9.99","56"
"8018","OR","L","9.99","45"
"8018","OR","M","9.99","66"
"8018","OR","S","9.99","48"
"8018","OR","XS","9.99","77"
"8019","GN","L","9.99","39"
"8019","GN","M","9.99","75"
"8019","GN","S","9.99","76"
"8019","GN","XS","9.99","76"
"8020","DN","XS","8.49","71"
"8021","RD","L","8.49","0"
"8021","RD","M","8.49","43"
"8021","RD","S","8.49","15"
"8021","RD","XS","8.49","-3"
"8022","PK","L","8.49","4"
"8022","PK","M","8.49","57"
"8022","PK","S","8.49","2"
"8022","PK","XS","8.49","45"
"8023","BK","XS","8.49","24"
"8030","GN","L","9.95","12"
"8030","GN","M","9.95","0"
"8030","GN","S","9.95","0"
"8030","GN","XS","9.95","0"
"8031","BK","L","9.95","42"
"8031","BK","M","9.95","39"
"8031","BK","S","9.95","30"
"8031","BK","XS","9.95","37"
"8032","RD","L","11","71"
"8032","RD","M","11","73"
"8032","RD","S","11","77"
"8032","RD","XS","11","75"
"8033","BL","L","11","46"
"8033","BL","M","11","81"
"8033","BL","S","11","79"
"8033","BL","XS","11","50"
"8040","PK","L","11","34"
"8040","PK","M","11","5"
"8040","PK","S","11","19"
"8040","PK","XS","11","0"
"8041","BL","L","11","45"
"8041","BL","M","11","15"
"8041","BL","S","11","7"
"8041","BL","XS","11","3"
"8042","BN","L","11","37"
"8042","BN","M","11","22"
"8042","BN","S","11","42"
"8042","BN","XS","11","19"
"8043","PK","L","10.5","64"
"8043","PK","M","10.5","10"
"8043","PK","S","10.5","0"
"8043","PK","XS","10.5","0"
"8044","BK","L","10.5","41"
"8044","BK","M","10.5","22"
"8044","BK","S","10.5","4"
"8044","BK","XS","10.5","39"
"8045","GN","L","10.5","79"
"8045","GN","M","10.5","47"
"8045","GN","S","10.5","31"
"8045","GN","XS","10.5","17"
"8050","OR","L","8.99","12"
"8050","OR","M","8.99","30"
"8050","OR","S","8.99","18"
"8050","OR","XS","8.99","24"
"8051","GN","L","8.99","28"
"8051","GN","M","8.99","19"
"8051","GN","S","8.99","-2"
"8051","GN","XS","8.99","27"
"8052","RD","L","8.99","17"
"8052","RD","M","8.99","-3"
"8052","RD","S","8.99","4"
"8052","RD","XS","8.99","31"
"8053","BL","L","8.99","46"
"8053","BL","M","8.99","0"
"8053","BL","S","8.99","21"
"8053","BL","XS","8.99","39"
"8060","BK","L","10.8","12"
"8060","BK","M","10.8","0"
"8060","BK","S","10.8","0"
"8060","BK","XS","10.8","0"
"8061","PK","L","10.8","32"
"8061","PK","M","10.8","6"
"8061","PK","S","10.8","-1"
"8061","PK","XS","10.8","0"
"8062","RD","L","10.8","12"
"8062","RD","M","10.8","0"
"8062","RD","S","10.8","0"
"8062","RD","XS","10.8","11"
"8070","GN","L","11.5","24"
"8070","GN","M","11.5","34"
"8070","GN","S","11.5","3"
"8070","GN","XS","11.5","33"
"8071","PK","L","11.5","1"
"8071","PK","M","11.5","25"
"8071","PK","S","11.5","0"
"8071","PK","XS","11.5","0"
"8072","BL","L","11.5","28"
"8072","BL","M","11.5","35"
"8072","BL","S","11.5","27"
"8072","BL","XS","11.5","27"
"8080","PK","L","7.99","11"
"8080","PK","M","7.99","0"
"8080","PK","S","7.99","0"
"8080","PK","XS","7.99","0"
"8081","BL","L","7.99","39"
"8081","BL","M","7.99","248"
"8081","BL","S","7.99","0"
"8081","BL","XS","7.99","2"
"8082","PK","L","7.99","58"
"8082","PK","M","7.99","46"
"8082","PK","S","7.99","-3"
"8082","PK","XS","7.99","4"
"8083","BN","L","7.99","54"
"8083","BN","M","7.99","44"
"8083","BN","S","7.99","15"
"8083","BN","XS","7.99","11"
"8090","WT","L","11.5","22"
"8090","WT","M","11.5","0"
"8090","WT","S","11.5","0"
"8090","WT","XS","11.5","4"
"8091","BL","L","11.5","34"
"8091","BL","M","11.5","25"
"8091","BL","S","11.5","-1"
"8091","BL","XS","11.5","17"
"8092","CR","L","10.5","65"
"8092","CR","M","10.5","54"
"8092","CR","S","10.5","47"
"8092","CR","XS","10.5","41"
"8110","PK","L","5.8","48"
"8110","PK","M","5.8","112"
"8110","PK","S","5.8","91"
"8111","BL","L","5.8","48"
"8111","BL","M","5.8","110"
"8111","BL","S","5.8","90"
"8112","BN","L","5.8","45"
"8112","BN","M","5.8","122"
"8112","BN","S","5.8","99"
"8210","PH","L","9.25","28"
"8210","PH","M","9.25","3"
"8210","PH","S","9.25","-1"
"8210","PH","XS","9.25","6"
"8211","BL","L","9.25","32"
"8211","BL","M","9.25","7"
"8211","BL","S","9.25","11"
"8211","BL","XS","9.25","31"
"8220","PK","L","8.5","21"
"8220","PK","M","8.5","5"
"8220","PK","S","8.5","5"
"8220","PK","XS","8.5","2"
"8221","GN","L","8.5","35"
"8221","GN","M","8.5","50"
"8221","GN","S","8.5","47"
"8221","GN","XS","8.5","43"
"8222","BK","L","8.5","22"
"8222","BK","M","8.5","22"
"8222","BK","S","8.5","20"
"8222","BK","XS","8.5","1"
"8223","RD","L","8.5","12"
"8223","RD","M","8.5","0"
"8223","RD","S","8.5","0"
"8223","RD","XS","8.5","5"
"8224","BL","L","8.5","39"
"8224","BL","M","8.5","41"
"8224","BL","S","8.5","44"
"8224","BL","XS","8.5","22"
"8312","BL","L","8.5","86"
"8312","BL","M","8.5","73"
"8312","BL","S","8.5","77"
"8320","RD","L","8.5","15"
"8320","RD","M","8.5","13"
"8320","RD","S","8.5","14"
"8330","PK","L","8.5","82"
"8330","PK","M","8.5","73"
"8330","PK","S","8.5","74"
"8410","RD","L","6.95","33"
"8410","RD","M","6.95","34"
"8410","RD","S","6.95","27"
"8411","BL","L","6.95","16"
"8411","BL","M","6.95","19"
"8411","BL","S","6.95","20"
"8510","PK","L","7.99","26"
"8510","PK","M","7.99","35"
"8510","PK","S","7.99","43"
"8510","PK","XS","7.99","21"
"8511","BK","L","7.99","20"
"8511","BK","M","7.99","20"
"8511","BK","S","7.99","9"
"8511","BK","XS","7.99","18"
"8520","PK","L","5.95","18"
"8520","PK","M","5.95","26"
"8520","PK","S","5.95","15"
"8520","PK","XS","5.95","8"
"8521","BK","L","5.95","10"
"8521","BK","M","5.95","28"
"8521","BK","S","5.95","35"
"8521","BK","XS","5.95","20"
"8522","GN","L","5.95","5"
"8522","GN","M","5.95","23"
"8522","GN","S","5.95","30"
"8522","GN","XS","5.95","23"
"8610","BK","L","10.5","18"
"8610","BK","M","10.5","-5"
"8610","BK","S","10.5","0"
"8610","BK","XS","10.5","0"
"8620","BN","L","12","57"
"8620","BN","M","12","83"
"8620","BN","S","12","120"
"8620","BN","XS","12","77"
"8621","PK","L","12","95"
"8621","PK","M","12","75"
"8621","PK","S","12","80"
"8621","PK","XS","12","66"
"8630","BG","L","10.5","23"
"8630","BG","M","10.5","-2"
"8630","BG","S","10.5","0"
"8630","BG","XS","10.5","0"
"8631","BK","L","10.5","25"
"8631","BK","M","10.5","10"
"8631","BK","S","10.5","0"
"8631","BK","XS","10.5","0"
"8640","PK","L","12.5","105"
"8640","PK","M","12.5","56"
"8640","PK","S","12.5","61"
"8640","PK","XS","12.5","70"
"8641","YW","L","12","43"
"8641","YW","M","12","96"
"8641","YW","S","12","65"
"8641","YW","XS","12","84"
"8650","PK","L","11","49"
"8650","PK","M","11","25"
"8650","PK","S","11","63"
"8650","PK","XS","11","76"
"8651","BL","L","11","48"
"8651","BL","M","11","38"
"8651","BL","S","11","47"
"8651","BL","XS","11","42"
"8652","GN","L","11","14"
"8652","GN","M","11","21"
"8652","GN","S","11","2"
"8652","GN","XS","11","30"
"8660","PK","L","11","69"
"8660","PK","M","11","75"
"8660","PK","S","11","61"
"8660","PK","XS","11","42"
"8661","BL","L","11","51"
"8661","BL","M","11","41"
"8661","BL","S","11","23"
"8661","BL","XS","11","49"
"8670","BK","L","13.5","71"
"8670","BK","M","13.5","51"
"8670","BK","S","13.5","78"
"8670","BK","XS","13.5","33"
"8680","GN","L","12.5","61"
"8680","GN","M","12.5","75"
"8680","GN","S","12.5","62"
"8680","GN","XS","12.5","57"
"8690","BN","L","13","46"
"8690","BN","M","13","60"
"8690","BN","S","13","72"
"8690","BN","XS","13","63"
"8710","BK","L","13.5","19"
"8710","BK","M","13.5","19"
"8710","BK","S","13.5","24"
"8710","BK","XS","13.5","6"
"8720","BL","L","12.5","9"
"8720","BL","M","12.5","11"
"8720","BL","S","12.5","12"
"8720","BL","XS","12.5","6"
"8721","PK","L","12.5","26"
"8721","PK","M","12.5","31"
"8721","PK","S","12.5","30"
"8721","PK","XS","12.5","19"
"8722","BK","L","12.5","24"
"8722","BK","M","12.5","30"
"8722","BK","S","12.5","18"
"8722","BK","XS","12.5","24"
"8730","RD","L","12.5","53"
"8730","RD","M","12.5","75"
"8730","RD","S","12.5","75"
"8730","RD","XS","12.5","75"
"8731","BK","L","12.5","52"
"8731","BK","M","12.5","74"
"8731","BK","S","12.5","68"
"8731","BK","XS","12.5","72"
"91010","BK","none","12.5","178"
"91012","GN","none","6.25","205"
"91013","BG","none","6.25","194"
"91020","PK","none","4.75","71"
"91021","GRY","none","4.75","126"
"92020","PK","L","6","33"
"92020","PK","M","6","6"
"92020","PK","S","6","3"
"92020","PK","XS","6","8"
"92021","BL","L","6","42"
"92021","BL","M","6","18"
"92021","BL","S","6","33"
"92021","BL","XS","6","37"
"92022","RD","L","6","11"
"92022","RD","M","6","18"
"92022","RD","S","6","29"
"92022","RD","XS","6","63"
"92110","BL","L","4.5","-16"
"92110","BL","M","4.5","-1"
"92110","BL","S","4.5","50"
"92110","BL","XL","4.5","-13"
"92110","BL","XXL","4.5","32"
"92111","PK","L","4.5","-8"
"92111","PK","M","4.5","-6"
"92111","PK","S","4.5","20"
"92111","PK","XL","4.5","9"
"92111","PK","XXL","4.5","18"
"92112","none","YW-L","4.5","10"
"92112","none","YW-M","4.5","9"
"92112","none","YW-S","4.5","16"
"92112","none","YW-XL","4.5","6"
"92112","YW","XXL","4.5","46"
"93010","PK","none","4.5","57"
"93011","BK","none","4.5","48"
"11110","GRY","XS","7.5","3"
"11111","BL","XS","7.5","7"
"11210","RD","L","9.5","39"
"11210","RD","M","9.5","50"
"11210","RD","S","9.5","50"
"11210","RD","XL","9.5","18"
"11210","RD","XS","9.5","36"
"11210","RD","XXS","9.5","25"
"13310","GN","L","8.5","0"
"13310","GN","M","8.5","19"
"13310","GN","S","8.5","24"
"13310","GN","XL","8.5","1"
"13310","GN","XS","8.5","26"
"13310","GN","XXS","8.5","9"
"13311","BL","L","4.95","0"
"13311","BL","M","8.5","0"
"13311","BL","S","8.5","0"
"13311","BL","XL","4.95","0"
"13311","BL","XS","8.5","0"
"13311","BL","XXS","8.5","0"
"13312","GN","L","4.95","11"
"13312","GN","M","4.95","21"
"13312","GN","S","4.95","23"
"13312","GN","XL","4.95","7"
"13312","GN","XS","4.95","10"
"13312","GN","XXS","4.95","8"
"13313","RD","L","4.95","15"
"13313","RD","M","4.95","26"
"13313","RD","S","4.95","35"
"13313","RD","XL","4.95","4"
"13313","RD","XS","4.95","25"
"13313","RD","XXS","4.95","19"
"13410","GN","L","7.5","11"
"13410","GN","M","7.5","34"
"13410","GN","S","7.5","40"
"13410","GN","XL","7.5","8"
"13410","GN","XS","7.5","32"
"13410","GN","XXS","7.5","3"
"13420","PK","L","7.5","0"
"13420","PK","M","7.5","8"
"13420","PK","S","7.5","8"
"13420","PK","XL","7.5","11"
"13420","PK","XS","7.5","14"
"13420","PK","XXS","7.5","2"
"14120","RD","L","11","23"
"14120","RD","M","11","60"
"14120","RD","S","11","61"
"14120","RD","XL","11","24"
"14120","RD","XS","11","47"
"14120","RD","XXS","11","17"
"14121","BL","L","11","18"
"14121","BL","M","11","32"
"14121","BL","S","11","26"
"14121","BL","XL","11","20"
"14121","BL","XS","11","22"
"14121","BL","XXS","11","37"
"14125","BL","L","9.95","30"
"14125","BL","M","9.95","34"
"14125","BL","S","9.95","53"
"14125","BL","XL","9.95","30"
"14125","BL","XS","9.95","33"
"14125","BL","XXS","9.95","12"
"14220","PK","L","9.5","22"
"14220","PK","M","9.5","43"
"14220","PK","S","9.5","49"
"14220","PK","XL","9.5","19"
"14220","PK","XS","9.5","40"
"14220","PK","XXS","9.5","23"
"14330","PK","L","7.95","9"
"14330","PK","M","7.95","16"
"14330","PK","S","7.95","17"
"14330","PK","XL","7.95","7"
"14330","PK","XS","7.95","12"
"14330","PK","XXS","7.95","0"
"14521","WT","L","9","0"
"14521","WT","M","9","12"
"14521","WT","S","9","10"
"14521","WT","XL","9","10"
"14521","WT","XS","9","24"
"14521","WT","XXS","9","9"
"14530","RD","L","7.5","22"
"14530","RD","M","7.5","37"
"14530","RD","S","7.5","52"
"14530","RD","XL","7.5","21"
"14530","RD","XS","7.5","59"
"14530","RD","XXS","7.5","30"
"14610","PK","L","8.5","24"
"14610","PK","M","8.5","26"
"14610","PK","S","8.5","28"
"14610","PK","XL","8.5","24"
"14610","PK","XS","8.5","25"
"14610","PK","XXS","8.5","18"
"14611","BL","L","8.5","17"
"14611","BL","M","8.5","14"
"14611","BL","S","8.5","16"
"14611","BL","XL","8.5","25"
"14611","BL","XS","8.5","15"
"14611","BL","XXS","8.5","16"
"14612","BK","L","8.5","7"
"14612","BK","M","8.5","0"
"14612","BK","S","8.5","-1"
"14612","BK","XL","8.5","19"
"14612","BK","XS","8.5","3"
"14612","BK","XXS","8.5","29"
"14620","PK","L","9","0"
"14620","PK","M","9","0"
"14620","PK","S","9","10"
"14620","PK","XL","9","4"
"14620","PK","XS","9","0"
"14620","PK","XXS","9","2"
"14630","GN","L","11","50"
"14630","GN","M","11","59"
"14630","GN","S","11","67"
"14630","GN","XL","11","28"
"14630","GN","XS","11","46"
"14630","GN","XXS","11","27"
"14710","BL","L","8.5","-2"
"14710","BL","M","8.5","0"
"14710","BL","S","8.5","0"
"14710","BL","XL","8.5","-2"
"14710","BL","XS","8.5","0"
"14710","BL","XXS","8.5","0"
"14720","GN","L","9.95","42"
"14720","GN","M","9.95","60"
"14720","GN","S","9.95","58"
"14720","GN","XL","9.95","30"
"14720","GN","XS","9.95","47"
"14720","GN","XXS","9.95","22"
"14721","OR","L","9.95","36"
"14721","OR","M","9.95","52"
"14721","OR","S","9.95","77"
"14721","OR","XL","9.95","39"
"14721","OR","XS","9.95","57"
"14721","OR","XXS","9.95","29"
"14722","BL","L","9.95","1"
"14722","BL","M","9.95","11"
"14722","BL","S","9.95","13"
"14722","BL","XL","9.95","10"
"14722","BL","XS","9.95","4"
"14722","BL","XXS","9.95","4"
"15113","BL","L","9","1"
"15113","BL","M","9","30"
"15113","BL","S","9","49"
"15113","BL","XL","9","4"
"15113","BL","XS","9","25"
"15113","BL","XXL","9","11"
"15113","BL","XXS","9","1"
"15114","BL","L","8.75","7"
"15114","BL","M","8.75","0"
"15114","BL","S","8.75","10"
"15114","BL","XL","8.75","0"
"15114","BL","XS","8.75","15"
"15114","BL","XXL","8.75","25"
"15114","BL","XXS","8.75","41"
"17010","BL","L","8.95","0"
"17010","BL","M","8.95","0"
"17010","BL","S","8.95","0"
"17010","BL","XL","8.95","0"
"17010","BL","XS","8.95","0"
"17010","BL","XXS","8.95","0"
"17020","PR","L","9.95","30"
"17020","PR","M","9.95","33"
"17020","PR","S","9.95","6"
"17020","PR","XL","9.95","22"
"17020","PR","XS","9.95","3"
"17020","PR","XXL","9.95","4"
"17020","PR","XXS","9.95","10"
"21120","PK","L","8.95","20"
"21120","PK","M","8.95","32"
"21120","PK","S","8.95","3"
"21120","PK","XL","8.95","17"
"21120","PK","XS","8.95","-3"
"21120","PK","XXS","8.95","9"
"21250","PK","XL","8.5","3"
"21250","PK","XS","8.5","8"
"21250","PK","XXS","8.5","2"
"21260","PK","L","11","16"
"21260","PK","M","11","38"
"21260","PK","S","11","66"
"21260","PK","XL","11","15"
"21260","PK","XS","11","42"
"21260","PK","XXS","11","20"
"21420","PK","L","8.5","0"
"21420","PK","M","8.5","1"
"21420","PK","S","8.5","0"
"21420","PK","XL","8.5","0"
"21420","PK","XS","8.5","0"
"21420","PK","XXS","8.5","0"
"21421","OR","L","8.5","0"
"21421","OR","M","8.5","3"
"21421","OR","S","8.5","0"
"21421","OR","XL","8.5","2"
"21421","OR","XS","8.5","0"
"21421","OR","XXS","8.5","0"
"21430","PK","L","10","7"
"21430","PK","M","10","5"
"21430","PK","S","10","9"
"21430","PK","XL","10","3"
"21430","PK","XS","10","23"
"21430","PK","XXS","10","15"
"21440","PK","L","9.5","26"
"21440","PK","M","9.5","31"
"21440","PK","S","9.5","47"
"21440","PK","XL","9.5","18"
"21440","PK","XS","9.5","53"
"21440","PK","XXS","9.5","16"
"21450","PK","L","11","23"
"21450","PK","M","11","17"
"21450","PK","S","11","0"
"21450","PK","XL","11","17"
"21450","PK","XS","11","0"
"21450","PK","XXS","11","11"
"21460","RD","L","11","49"
"21460","RD","M","11","57"
"21460","RD","S","11","50"
"21460","RD","XL","11","28"
"21460","RD","XS","11","41"
"21460","RD","XXS","11","26"
"21510","PK","M","11","1"
"21510","PK","S","11","3"
"21510","PK","XL","11","2"
"21510","PK","XS","11","0"
"21630","PK","L","8.95","24"
"21630","PK","M","8.95","-1"
"21630","PK","S","8.95","19"
"21630","PK","XL","8.95","4"
"21630","PK","XS","8.95","18"
"21710","RD","XXS","9.5","1"
"21720","PK","L","9.5","0"
"21720","PK","M","9.5","0"
"21720","PK","S","9.5","6"
"21720","PK","XL","9.5","3"
"21720","PK","XS","9.5","9"
"21720","PK","XXS","9.5","3"
"21730","RD","XL","3.99","-5"
"21730","RD","XXS","3.99","4"
"21750","PK","L","4.95","43"
"21750","PK","M","4.95","60"
"21750","PK","S","4.95","60"
"21750","PK","XL","4.95","39"
"21750","PK","XS","4.95","60"
"21750","PK","XXS","4.95","21"
"21760","PK","L","9","36"
"21760","PK","M","9","49"
"21760","PK","S","9","51"
"21760","PK","XL","9","33"
"21760","PK","XS","9","63"
"21760","PK","XXS","9","28"
"21770","RD","L","11","6"
"21770","RD","M","11","25"
"21770","RD","S","11","29"
"21770","RD","XL","11","8"
"21770","RD","XS","11","35"
"21770","RD","XXS","11","0"
"21810","PK","L","4.95","8"
"21810","PK","M","4.95","2"
"21810","PK","S","4.95","14"
"21810","PK","XL","4.95","8"
"21810","PK","XS","4.95","0"
"21820","PK","M","8.75","0"
"21820","PK","XL","8.75","1"
"21820","PK","XS","8.75","0"
"21821","PK","L","8.75","7"
"21821","PK","XL","8.75","8"
"21822","PK","L","8.75","2"
"21822","PK","M","8.75","16"
"21822","PK","S","8.75","19"
"21822","PK","XL","8.75","10"
"21822","PK","XS","8.75","8"
"21822","PK","XXS","8.75","0"
"21910","PK","L","9.5","7"
"21910","PK","M","9.5","32"
"21910","PK","S","9.5","23"
"21910","PK","XL","9.5","26"
"21910","PK","XS","9.5","13"
"21910","PK","XXS","9.5","24"
"24010","PK","L","14","14"
"24010","PK","M","14","34"
"24010","PK","S","14","24"
"24010","PK","XL","14","24"
"24010","PK","XS","14","22"
"24510","RD","L","8.95","0"
"24510","RD","XL","8.95","2"
"24510","RD","XS","8.95","26"
"25110","WT","L","5.95","6"
"25110","WT","XL","8.95","7"
"26010","PK","L","13","25"
"26010","PK","M","13","31"
"26010","PK","S","13","16"
"26010","PK","XL","13","17"
"26010","PK","XS","13","19"
"26010","PK","XXS","13","10"
"26020","PK","L","8.95","9"
"26020","PK","M","8.95","5"
"26020","PK","S","8.95","0"
"26020","PK","XL","8.95","10"
"26020","PK","XS","8.95","0"
"26020","PK","XXS","8.95","4"
"26030","PK","L","13.5","21"
"26030","PK","M","13.5","6"
"26030","PK","S","13.5","0"
"26030","PK","XL","13.5","13"
"26030","PK","XS","13.5","0"
"26030","PK","XXS","13.5","1"
"26040","PK","L","13.5","21"
"26040","PK","M","13.5","26"
"26040","PK","S","13.5","29"
"26040","PK","XL","13.5","20"
"26040","PK","XS","13.5","47"
"26040","PK","XXS","13.5","17"
"26050","PK","L","12.5","0"
"26050","PK","M","12.5","0"
"26050","PK","S","12.5","0"
"26050","PK","XL","12.5","0"
"26050","PK","XS","12.5","0"
"26050","PK","XXS","12.5","0"
"26060","RD","L","12.5","2"
"26060","RD","M","12.5","7"
"26060","RD","S","12.5","33"
"26060","RD","XL","12.5","7"
"26060","RD","XS","12.5","19"
"26060","RD","XXS","12.5","1"
"26070","PK","L","14","21"
"26070","PK","M","14","30"
"26070","PK","S","14","19"
"26070","PK","XL","14","25"
"26070","PK","XS","14","24"
"26070","PK","XXS","14","14"
"26071","RD","L","14","4"
"26071","RD","M","14","6"
"26071","RD","S","14","33"
"26071","RD","XL","14","8"
"26071","RD","XS","14","15"
"26071","RD","XXS","14","12"
"26080","PK","L","14","25"
"26080","PK","M","14","10"
"26080","PK","S","14","0"
"26080","PK","XL","14","20"
"26080","PK","XS","14","0"
"26080","PK","XXS","14","8"
"26090","PK","L","14","10"
"26090","PK","M","14","26"
"26090","PK","S","14","53"
"26090","PK","XL","14","27"
"26090","PK","XS","14","27"
"26090","PK","XXS","14","2"
"26110","PR","L","15","18"
"26110","PR","M","15","31"
"26110","PR","S","15","68"
"26110","PR","XL","15","17"
"26110","PR","XS","15","48"
"26110","PR","XXS","15","14"
"26111","RD","L","15","3"
"26111","RD","M","15","0"
"26111","RD","S","15","47"
"26111","RD","XL","15","4"
"26111","RD","XS","15","31"
"26111","RD","XXS","15","13"
"26120","PK","L","16","29"
"26120","PK","M","16","63"
"26120","PK","S","16","95"
"26120","PK","XL","16","22"
"26120","PK","XS","16","56"
"26120","PK","XXS","16","21"
"26130","PK","L","14","1"
"26130","PK","M","14","11"
"26130","PK","S","14","30"
"26130","PK","XL","14","10"
"26130","PK","XS","14","26"
"26130","PK","XXS","14","0"
"26410","PK","L","9.95","7"
"26410","PK","M","9.95","14"
"26410","PK","S","9.95","15"
"26410","PK","XL","9.95","2"
"26410","PK","XS","9.95","23"
"32010","DN","L","7.95","21"
"32010","DN","M","7.95","44"
"32010","DN","S","7.95","38"
"32010","DN","XS","7.95","11"
"33016","GN","S","4.5","9"
"33016","GN","XS","4.5","34"
"33016","PK","M","4.5","3"
"33016","PK","S","4.5","28"
"33016","PK","SS","4.5","35"
"33110","PK","L","17","60"
"33110","PK","M","17","54"
"33110","PK","S","17","24"
"33110","PK","XL","17","79"
"33110","PK","XS","17","43"
"33111","BK","L","17","44"
"33111","BK","M","17","65"
"33111","BK","S","17","28"
"33111","BK","XL","17","84"
"33111","BK","XS","17","16"
"33112","DN","L","17","0"
"33112","DN","M","17","0"
"33112","DN","S","17","0"
"33112","DN","XL","17","10"
"33112","DN","XS","17","0"
"33113","BN","L","17","43"
"33113","BN","M","17","51"
"33113","BN","S","17","40"
"33113","BN","XL","17","71"
"33113","BN","XS","17","60"
"33120","BK","L","17","53"
"33120","BK","M","17","43"
"33120","BK","S","17","39"
"33120","BK","XL","17","85"
"33120","BK","XS","17","59"
"33121","PK","L","17","8"
"33121","PK","M","17","-1"
"33121","PK","S","17","0"
"33121","PK","XL","17","19"
"33121","PK","XS","17","9"
"33210","PK","L","5.85","21"
"33210","PK","M","5.85","16"
"33210","PK","S","5.85","8"
"33210","PK","XL","5.85","0"
"33210","PK","XS","5.85","1"
"33211","BL","L","5.85","17"
"33211","BL","M","5.85","7"
"33211","BL","S","5.85","14"
"33211","BL","XL","5.85","0"
"33211","BL","XS","5.85","30"
"33212","BN","L","5.85","0"
"33212","BN","M","5.85","0"
"33212","BN","S","5.85","0"
"33212","BN","XL","5.85","0"
"33212","BN","XS","5.85","18"
"33310","GRY","L","9.5","7"
"33310","GRY","M","9.5","28"
"33310","GRY","S","9.5","16"
"33310","GRY","XS","9.5","8"
"33311","PK","L","9.5","24"
"33311","PK","M","9.5","34"
"33311","PK","S","9.5","34"
"33311","PK","XS","9.5","13"
"33410","BL","L","17","81"
"33410","BL","M","17","94"
"33410","BL","S","17","78"
"33410","BL","XL","17","82"
"33410","BL","XXL","17","70"
"33410","LBL","XS","17","71"
"34010","RD","L","14","0"
"34010","RD","M","14","0"
"34010","RD","S","14","0"
"34010","RD","XL","15","0"
"34010","RD","XS","14","0"
"34010","RD","XXL","16","0"
"34011","GN","L","9.95","0"
"34011","GN","M","9.95","0"
"34011","GN","S","9.95","0"
"34011","GN","XL","9.95","0"
"34011","GN","XS","9.95","0"
"34011","GN","XXL","9.95","0"
"34030","RD","L","16","15"
"34030","RD","M","15","32"
"34030","RD","S","15","34"
"34030","RD","XL","17","33"
"34030","RD","XS","15","31"
"34030","RD","XXL","18","13"
"34130","RD","L","16.5","24"
"34130","RD","M","16.5","36"
"34130","RD","S","16.5","41"
"34130","RD","XL","16.5","16"
"34130","RD","XS","16.5","19"
"35010","BN","L","6.95","13"
"35010","BN","M","6.95","5"
"35010","BN","S","6.95","1"
"35010","BN","XL","6.95","16"
"35010","BN","XS","6.95","19"
"35020","BK","L","16.5","27"
"35020","BK","M","16.5","16"
"35020","BK","S","16.5","31"
"35020","BK","XL","17.5","23"
"35020","BK","XS","16.5","16"
"35030","YW","L","16","35"
"35030","YW","M","16","13"
"35030","YW","S","16","24"
"35030","YW","XL","17","24"
"35030","YW","XS","16","16"
"36010","PR","L","15.5","11"
"36010","PR","M","15.5","33"
"36010","PR","S","15.5","35"
"36010","PR","XL","15.5","0"
"36010","PR","XS","15.5","39"
"36020","GN","L","16.5","31"
"36020","GN","M","16.5","39"
"36020","GN","S","16.5","46"
"36020","GN","XL","16.5","25"
"36020","GN","XS","16.5","26"
"37010","RD","M","11.5","34"
"37010","RD","S","11.5","34"
"37010","RD","XS","11.5","45"
"37010","RD","XXS","11.5","26"
"37020","PK","M","12.5","67"
"37020","PK","S","12.5","77"
"37020","PK","XS","12.5","79"
"37020","PK","XXS","12.5","35"
"37030","PK","M","12.5","59"
"37030","PK","S","12.5","70"
"37030","PK","XS","12.5","71"
"37030","PK","XXS","12.5","39"
"41010","PK","L","7.95","24"
"41010","PK","M","7.95","5"
"41010","PK","S","7.95","0"
"41010","PK","XL","7.95","8"
"41010","PK","XS","7.95","0"
"45010","GRY","L","17","36"
"45010","GRY","M","17","66"
"45010","GRY","S","17","71"
"45010","GRY","XL","17","18"
"45010","GRY","XS","17","47"
"45011","BG","L","17","46"
"45011","BG","M","17","77"
"45011","BG","S","17","76"
"45011","BG","XL","17","25"
"45011","BG","XS","17","50"
"46010","PK","L","14","15"
"46010","PK","M","14","44"
"46010","PK","S","14","48"
"46010","PK","XL","14","16"
"46010","PK","XS","14","38"
"46011","BL","L","14","16"
"46011","BL","M","14","54"
"46011","BL","S","14","53"
"46011","BL","XL","14","19"
"46011","BL","XS","14","33"
"53010","YW","L","4.95","0"
"53030","GN","L","13","21"
"53030","GN","M","13","26"
"53030","GN","S","13","27"
"53030","GN","XL","13","22"
"53030","GN","XS","13","33"
"53040","BK","L","13.5","26"
"53040","BK","M","13.5","31"
"53040","BK","S","13.5","35"
"53040","BK","XL","13.5","22"
"53040","BK","XS","13.5","38"
"53041","PK","L","13.5","40"
"53041","PK","M","13.5","47"
"53041","PK","S","13.5","46"
"53041","PK","XL","13.5","16"
"53041","PK","XS","13.5","40"
"53050","GRY","L","13","40"
"53050","GRY","M","13","39"
"53050","GRY","S","13","51"
"53050","GRY","XL","13","22"
"53050","GRY","XS","13","24"
"53060","OR","L","14","28"
"53060","OR","M","14","37"
"53060","OR","S","14","46"
"53060","OR","XL","14","31"
"53060","OR","XS","14","17"
"53110","GRY","L","16.5","58"
"53110","GRY","M","15.5","100"
"53110","GRY","S","15.5","76"
"53110","GRY","XL","17.5","67"
"53110","GRY","XS","15.5","39"
"53110","GRY","XXL","18.5","74"
"53120","BK","L","14","28"
"53120","BK","M","14","45"
"53120","BK","S","14","55"
"53120","BK","XL","14","33"
"53120","BK","XS","14","44"
"53130","OR","L","14","40"
"53130","OR","M","14","54"
"53130","OR","S","14","65"
"53130","OR","XL","14","41"
"53130","OR","XS","14","19"
"53140","GN","L","14.5","25"
"53140","GN","M","14.5","34"
"53140","GN","S","14.5","41"
"53140","GN","XL","14.5","32"
"53140","GN","XS","14.5","27"
"53150","BN","L","14.5","8"
"53150","BN","M","14.5","17"
"53150","BN","S","14.5","3"
"53150","BN","XL","14.5","9"
"53150","BN","XS","14.5","10"
"53210","RD","L","12","17"
"53210","RD","XS","12","10"
"53220","YW","L","16.5","19"
"53220","YW","M","16.5","122"
"53220","YW","S","16.5","42"
"53220","YW","XL","16.5","14"
"53220","YW","XS","16.5","51"
"53320","RD","L","14.5","3"
"53320","RD","M","14.5","-1"
"53320","RD","S","14.5","1"
"53320","RD","XL","14.5","2"
"53320","RD","XS","14.5","16"
"53321","BK","L","16.5","26"
"53321","BK","M","16.5","60"
"53321","BK","S","16.5","58"
"53321","BK","XL","16.5","28"
"53321","BK","XS","16.5","33"
"53330","RD","L","16.5","46"
"53330","RD","M","16.5","73"
"53330","RD","S","16.5","85"
"53330","RD","XL","16.5","32"
"53330","RD","XS","16.5","37"
"53340","BK","L","16.5","96"
"53340","BK","M","16.5","101"
"53340","BK","S","16.5","101"
"53340","BK","XL","16.5","43"
"53340","BK","XS","16.5","54"
"54120","RD","L","14.5","63"
"54120","RD","M","14.5","58"
"54120","RD","S","14.5","73"
"54120","RD","XL","14.5","47"
"54120","RD","XS","14.5","59"
"57011","PK","XL","7.95","6"
"57021","PK","L","9.95","13"
"57021","PK","M","9.95","5"
"57021","PK","S","9.95","0"
"57021","PK","XL","9.95","15"
"57021","PK","XS","9.95","4"
"57022","RD","L","9.95","0"
"57022","RD","M","9.95","0"
"57022","RD","S","9.95","0"
"57022","RD","XL","9.95","6"
"57022","RD","XS","9.95","0"
"57023","BK","L","9.95","0"
"57023","BK","M","9.95","0"
"57023","BK","S","9.95","13"
"57023","BK","XL","9.95","14"
"57023","BK","XS","9.95","12"
"57030","BN","L","6.95","0"
"57030","BN","M","6.95","0"
"57030","BN","S","6.95","0"
"57030","BN","XL","6.95","0"
"57030","BN","XS","6.95","6"
"57040","PK","L","14","15"
"57040","PK","M","14","3"
"57040","PK","S","14","13"
"57040","PK","XL","14","19"
"57040","PK","XS","14","7"
"57040","PK","XXS","14","9"
"57041","GN","L","14","20"
"57041","GN","M","14","25"
"57041","GN","S","14","21"
"57041","GN","XL","14","20"
"57041","GN","XS","14","6"
"57041","GN","XXS","14","1"
"57042","BN","L","14","15"
"57042","BN","M","14","11"
"57042","BN","S","14","1"
"57042","BN","XL","14","20"
"57042","BN","XS","14","37"
"57042","BN","XXS","14","9"
"57043","GRY","L","14","17"
"57043","GRY","M","14","26"
"57043","GRY","S","14","22"
"57043","GRY","XL","14","20"
"57043","GRY","XS","14","26"
"57043","GRY","XXS","14","0"
"57050","BG","L","15","18"
"57050","BG","M","15","19"
"57050","BG","S","15","24"
"57050","BG","XL","15","27"
"57050","BG","XS","15","40"
"57051","GN","L","15","32"
"57051","GN","M","15","24"
"57051","GN","S","15","28"
"57051","GN","XL","15","22"
"57051","GN","XS","15","33"
"57070","PK","L","6.95","25"
"57070","PK","M","6.95","44"
"57070","PK","S","6.95","49"
"57070","PK","XL","6.95","20"
"57070","PK","XS","6.95","57"
"57071","BL","L","6.95","4"
"57071","BL","M","6.95","0"
"57071","BL","S","6.95","0"
"57071","BL","XL","6.95","17"
"57071","BL","XS","6.95","23"
"57071","BL","XXS","6.95","0"
"57080","BN","L","16.5","5"
"57080","BN","M","16.5","23"
"57080","BN","S","16.5","-1"
"57080","BN","XL","16.5","0"
"57080","BN","XS","16.5","28"
"57081","BL","L","16.5","30"
"57081","BL","M","16.5","11"
"57081","BL","S","16.5","19"
"57081","BL","XL","16.5","15"
"57081","BL","XS","16.5","20"
"57082","RD","L","16.5","48"
"57082","RD","M","16.5","17"
"57082","RD","S","16.5","46"
"57082","RD","XL","16.5","33"
"57082","RD","XS","16.5","50"
"57090","GRY","L","15","48"
"57090","GRY","M","15","26"
"57090","GRY","S","15","13"
"57090","GRY","XL","15","59"
"57090","GRY","XS","15","5"
"57091","PK","L","15","52"
"57091","PK","M","15","50"
"57091","PK","S","15","58"
"57091","PK","XL","15","63"
"57091","PK","XS","15","37"
"57092","RD","L","15","32"
"57092","RD","M","15","32"
"57092","RD","S","15","63"
"57092","RD","XL","15","14"
"57092","RD","XS","15","48"
"57110","RD","L","9.95","22"
"57110","RD","M","9.95","35"
"57110","RD","S","9.95","45"
"57110","RD","XL","9.95","19"
"57110","RD","XS","9.95","24"
"57111","PK","L","9.95","22"
"57111","PK","M","9.95","35"
"57111","PK","S","9.95","27"
"57111","PK","XL","9.95","28"
"57111","PK","XS","9.95","42"
"57112","BN","L","9.95","46"
"57112","BN","M","9.95","48"
"57112","BN","S","9.95","33"
"57112","BN","XL","9.95","23"
"57112","BN","XS","9.95","25"
"57113","BL","L","9.95","22"
"57113","BL","M","9.95","11"
"57113","BL","S","9.95","21"
"57113","BL","XL","9.95","21"
"57113","BL","XS","9.95","35"
"57114","GN","L","9.95","28"
"57114","GN","M","9.95","8"
"57114","GN","S","9.95","19"
"57114","GN","XL","9.95","33"
"57114","GN","XS","9.95","17"
"57130","BL","L","13","39"
"57130","BL","M","13","39"
"57130","BL","S","13","21"
"57130","BL","XL","13","43"
"57130","BL","XS","13","34"
"57131","PK","L","13","14"
"57131","PK","M","13","24"
"57131","PK","S","13","0"
"57131","PK","XL","13","11"
"57131","PK","XS","13","27"
"57140","GRY","L","14","65"
"57140","GRY","M","14","60"
"57140","GRY","S","14","37"
"57140","GRY","XL","14","37"
"57140","GRY","XS","14","41"
"57141","BG","L","14","39"
"57141","BG","M","14","39"
"57141","BG","S","14","28"
"57141","BG","XL","14","44"
"57141","BG","XS","14","50"
"57230","BG","L","8.95","1"
"57230","BG","M","8.95","0"
"57230","BG","S","8.95","7"
"57230","BG","XL","8.95","0"
"57230","BG","XS","8.95","0"
"57230","BG","XXS","8.95","0"
"57240","RD","L","14","7"
"57240","RD","M","14","25"
"57240","RD","S","14","15"
"57240","RD","XL","14","2"
"57240","RD","XS","14","20"
"57240","RD","XXS","14","13"
"57320","PK","L","8.95","17"
"57320","PK","M","8.95","3"
"57320","PK","S","8.95","9"
"57320","PK","XL","8.95","11"
"57320","PK","XS","8.95","11"
"57321","GN","L","8.95","2"
"57321","GN","M","8.95","0"
"57321","GN","S","8.95","0"
"57321","GN","XL","8.95","8"
"57321","GN","XS","8.95","7"
"57330","BG","L","14","13"
"57330","BG","M","14","20"
"57330","BG","S","14","31"
"57330","BG","XL","14","5"
"57330","BG","XS","14","32"
"57330","BG","XXS","14","5"
"57331","PK","L","14","8"
"57331","PK","M","14","0"
"57331","PK","S","14","7"
"57331","PK","XL","14","0"
"57331","PK","XS","14","31"
"57331","PK","XXS","14","5"
"57340","GRY","L","15","47"
"57340","GRY","M","15","59"
"57340","GRY","S","15","53"
"57340","GRY","XL","15","30"
"57340","GRY","XS","15","34"
"57340","GRY","XXS","15","20"
"57341","RD","L","15","34"
"57341","RD","M","15","59"
"57341","RD","S","15","48"
"57341","RD","XL","15","16"
"57341","RD","XS","15","35"
"57341","RD","XXS","15","38"
"57342","BL","L","15","17"
"57342","BL","M","15","25"
"57342","BL","S","15","20"
"57342","BL","XL","15","18"
"57342","BL","XS","15","24"
"57342","BL","XXS","15","27"
"57420","GRY","L","18","90"
"57420","GRY","M","17","106"
"57420","GRY","S","17","111"
"57420","GRY","XL","19","54"
"57420","GRY","XS","17","50"
"57421","PK","L","18","86"
"57421","PK","M","17","98"
"57421","PK","S","17","99"
"57421","PK","XL","19","45"
"57421","PK","XS","17","59"
"57510","BK","L","15","16"
"57510","BK","M","15","22"
"57510","BK","S","15","15"
"57510","BK","XL","15","16"
"57510","BK","XS","15","10"
"57530","BL","L","9.95","17"
"57530","BL","M","9.95","0"
"57530","BL","S","9.95","12"
"57530","BL","XL","9.95","13"
"57530","BL","XS","9.95","5"
"57530","BL","XXL","9.95","0"
"57530","BL","XXS","9.95","0"
"57610","BK","L","8.95","23"
"57610","BK","M","8.95","13"
"57610","BK","S","8.95","10"
"57610","BK","XL","8.95","28"
"57610","BK","XS","8.95","13"
"57611","GN","L","8.95","16"
"57611","GN","M","8.95","10"
"57611","GN","S","8.95","4"
"57611","GN","XL","8.95","23"
"57611","GN","XS","8.95","12"
"57620","BG","L","15","25"
"57620","BG","M","15","36"
"57620","BG","S","15","40"
"57620","BG","XL","15","29"
"57620","BG","XS","15","53"
"57620","BG","XXS","15","25"
"57621","PR","L","15","18"
"57621","PR","M","15","26"
"57621","PR","S","15","37"
"57621","PR","XL","15","21"
"57621","PR","XS","15","43"
"57621","PR","XXS","15","25"
"57710","OR","L","14","42"
"57710","OR","M","14","11"
"57710","OR","S","14","15"
"57710","OR","XL","14","27"
"57710","OR","XS","14","12"
"57711","PK","L","14","7"
"57711","PK","M","14","6"
"57711","PK","S","14","1"
"57711","PK","XL","14","4"
"57711","PK","XS","14","23"
"57720","BL","L","15","25"
"57720","BL","M","15","20"
"57720","BL","S","15","48"
"57720","BL","XL","15","18"
"57720","BL","XS","15","38"
"57720","BL","XXS","15","15"
"57721","RD","L","15","5"
"57721","RD","M","15","7"
"57721","RD","S","15","7"
"57721","RD","XL","15","6"
"57721","RD","XS","15","25"
"57721","RD","XXS","15","10"
"57730","BN","L","8.95","2"
"57730","BN","M","8.95","8"
"57730","BN","S","8.95","36"
"57730","BN","XL","8.95","7"
"57730","BN","XS","8.95","37"
"57731","BK","L","8.95","0"
"57731","BK","M","8.95","0"
"57731","BK","S","8.95","-6"
"57731","BK","XL","8.95","1"
"57731","BK","XS","8.95","-4"
"58510","PK","L","14","26"
"58510","PK","M","14","18"
"58510","PK","S","14","17"
"58510","PK","XL","14","28"
"58510","PK","XS","14","29"
"58510","PK","XXS","14","10"
"58511","BL","L","14","33"
"58511","BL","M","14","46"
"58511","BL","S","14","51"
"58511","BL","XL","14","37"
"58511","BL","XS","14","54"
"58511","BL","XXS","14","26"
"58520","CR","L","14","8"
"58520","CR","M","14","23"
"58520","CR","S","14","23"
"58520","CR","XL","14","1"
"58520","CR","XS","14","26"
"58520","CR","XXS","14","11"
"59110","GRY","3XL","16","17"
"59110","GRY","4XL","17","16"
"59110","GRY","L","14","35"
"59110","GRY","M","14","56"
"59110","GRY","S","14","53"
"59110","GRY","XL","14","17"
"59110","GRY","XS","14","50"
"59110","GRY","XXL","15","14"
"59110","GRY","XXS","14","23"
"59120","RD","3XL","16","6"
"59120","RD","4XL","17","13"
"59120","RD","L","14","22"
"59120","RD","M","14","48"
"59120","RD","S","14","48"
"59120","RD","XL","14","18"
"59120","RD","XS","14","44"
"59120","RD","XXL","15","10"
"59120","RD","XXS","14","16"
"59130","YW","3XL","16","20"
"59130","YW","4XL","17","24"
"59130","YW","L","14","36"
"59130","YW","M","14","53"
"59130","YW","S","14","49"
"59130","YW","XL","14","13"
"59130","YW","XS","14","49"
"59130","YW","XXL","15","20"
"59130","YW","XXS","14","24"
"59140","GRY","3XL","16","7"
"59140","GRY","4XL","17","18"
"59140","GRY","L","14","17"
"59140","GRY","M","14","35"
"59140","GRY","S","14","38"
"59140","GRY","XL","14","3"
"59140","GRY","XS","14","31"
"59140","GRY","XXL","15","5"
"59140","GRY","XXS","14","11"
"66110","GN","XS","19","14"
"66111","BG","L","19","1"
"66111","BG","M","19","0"
"66111","BG","S","19","7"
"66111","BG","XL","20","6"
"66111","BG","XS","19","20"
"66111","BG","XXL","21","1"
"66120","GN","L","21","32"
"66120","GN","M","20","34"
"66120","GN","S","20","37"
"66120","GN","XL","22","26"
"66120","GN","XS","20","20"
"66120","GN","XXL","23","29"
"66210","BK","L","9.95","15"
"66210","BK","M","9.95","0"
"66210","BK","S","9.95","20"
"66210","BK","XL","9.95","22"
"66210","BK","XS","9.95","10"
"66210","BK","XXL","9.95","0"
"66211","PK","L","9.95","40"
"66211","PK","M","9.95","7"
"66211","PK","S","9.95","26"
"66211","PK","XL","9.95","50"
"66211","PK","XS","9.95","7"
"66211","PK","XXL","9.95","0"
"66310","BL","L","16","4"
"66310","BL","M","16","4"
"66310","BL","S","16","31"
"66310","BL","XL","17","15"
"66310","BL","XS","16","14"
"66310","BL","XXL","18","0"
"66311","RD","L","16","21"
"66311","RD","M","16","32"
"66311","RD","S","16","44"
"66311","RD","XL","17","25"
"66311","RD","XS","16","23"
"66311","RD","XXL","18","0"
"66410","BL","L","15.5","27"
"66410","BL","M","14.5","50"
"66410","BL","S","14.5","50"
"66410","BL","XL","16.5","35"
"66410","BL","XS","14.5","35"
"66410","BL","XXL","17.5","20"
"66411","PK","L","15.5","20"
"66411","PK","M","14.5","50"
"66411","PK","S","14.5","50"
"66411","PK","XL","16.5","40"
"66411","PK","XS","14.5","37"
"66411","PK","XXL","17.5","20"
"66412","BK","L","15.5","21"
"66412","BK","M","14.5","48"
"66412","BK","S","14.5","49"
"66412","BK","XL","16.5","30"
"66412","BK","XS","14.5","32"
"66412","BK","XXL","17.5","4"
"67010","BK","L","6.95","20"
"67010","BK","M","6.95","10"
"67010","BK","S","6.95","17"
"67010","BK","XL","6.95","27"
"67010","BK","XS","6.95","24"
"67010","BK","XXL","6.95","0"
"67011","PK","L","6.95","20"
"67011","PK","M","6.95","28"
"67011","PK","S","6.95","34"
"67011","PK","XL","6.95","31"
"67011","PK","XS","6.95","47"
"67011","PK","XXL","6.95","0"
"71050","BG","L","8.95","0"
"71050","BG","M","8.95","0"
"71050","BG","S","8.95","0"
"71050","BG","XL","8.95","0"
"71050","BG","XS","8.95","0"
"71110","BK","L","9.95","-1"
"71110","BK","M","9.95","0"
"71110","BK","S","9.95","0"
"71110","BK","XL","9.95","21"
"71110","BK","XS","9.95","-1"
"73020","BG","XL","14.5","6"
"73040","PK","XL","9.95","3"
"73040","PK","XS","9.95","8"
"74010","GN","XS","16.5","0"
"74011","BN","XS","16.5","0"
"74012","PR","XS","16.5","0"
"74210","BN","L","8.95","0"
"74210","BN","M","8.95","6"
"74210","BN","S","8.95","11"
"74210","BN","XL","8.95","15"
"74210","BN","XS","8.95","0"
"75110","BK","L","19","13"
"75110","BK","M","18","24"
"75110","BK","S","18","33"
"75110","BK","XL","20","1"
"75110","BK","XS","18","2"
"75110","BK","XXL","21","2"
"76010","BK","L","19.5","73"
"76010","BK","M","18.5","63"
"76010","BK","S","18.5","54"
"76010","BK","XL","20.5","58"
"76010","BK","XS","18.5","40"
"76011","BN","L","19.5","52"
"76011","BN","M","18.5","51"
"76011","BN","S","18.5","45"
"76011","BN","XL","20.5","52"
"76011","BN","XS","18.5","35"
"76110","PK","L","19","38"
"76110","PK","M","19","42"
"76110","PK","S","19","46"
"76110","PK","XL","20","44"
"76110","PK","XS","19","49"
"76111","BL","L","19","43"
"76111","BL","M","19","54"
"76111","BL","S","19","60"
"76111","BL","XL","20","36"
"76111","BL","XS","19","46"
"77030","WT","XS","6.95","33"
"77040","PK","XL","6.95","4"
"77040","PK","XS","6.95","9"
"77041","BL","XS","6.95","0"
"77110","PK","L","19","25"
"77110","PK","M","18","31"
"77110","PK","S","18","19"
"77110","PK","XL","20","30"
"77110","PK","XS","18","33"
"77110","PK","XXL","21","61"
"77111","BK","L","19","6"
"77111","BK","M","18","29"
"77111","BK","S","18","63"
"77111","BK","XL","20","38"
"77111","BK","XS","18","74"
"77111","BK","XXL","21","42"
"77112","GN","L","19","28"
"77112","GN","M","18","31"
"77112","GN","S","18","50"
"77112","GN","XL","20","37"
"77112","GN","XS","18","73"
"77112","GN","XXL","21","20"
"77113","BN","L","19","140"
"77113","BN","M","18","109"
"77113","BN","S","18","99"
"77113","BN","XL","20","120"
"77113","BN","XS","18","47"
"77113","BN","XXL","21","20"
"77114","BL","L","19","-3"
"77114","BL","M","18","8"
"77114","BL","S","18","0"
"77114","BL","XL","20","10"
"77114","BL","XS","18","10"
"77114","BL","XXL","21","28"
"77120","BG","L","16","18"
"77120","BG","M","16","3"
"77120","BG","S","16","0"
"77120","BG","XL","17","17"
"77120","BG","XS","16","9"
"77120","BG","XXL","18","12"
"77121","SL","L","16","4"
"77121","SL","M","16","0"
"77121","SL","S","16","-1"
"77121","SL","XL","17","33"
"77121","SL","XS","16","29"
"77121","SL","XXL","18","4"
"77210","BK","L","9.95","-1"
"77210","BK","M","9.95","6"
"77210","BK","S","9.95","8"
"77210","BK","XL","9.95","18"
"77210","BK","XS","9.95","6"
"77210","BK","XXL","9.95","0"
"77211","RD","L","9.95","37"
"77211","RD","M","9.95","29"
"77211","RD","S","9.95","42"
"77211","RD","XL","9.95","29"
"77211","RD","XS","9.95","29"
"77211","RD","XXL","9.95","2"
"77310","BK","L","18","68"
"77310","BK","M","17","45"
"77310","BK","S","17","62"
"77310","BK","XL","19","55"
"77310","BK","XS","17","65"
"77311","PK","L","18","64"
"77311","PK","M","17","54"
"77311","PK","S","17","51"
"77311","PK","XL","19","48"
"77311","PK","XS","17","59"
"77312","BN","L","18","30"
"77312","BN","M","17","47"
"77312","BN","S","17","72"
"77312","BN","XL","19","23"
"77312","BN","XS","17","46"
"77410","GRY","L","18.5","61"
"77410","GRY","M","17.5","52"
"77410","GRY","S","17.5","64"
"77410","GRY","XL","19.5","49"
"77410","GRY","XS","17.5","26"
"77410","GRY","XXL","20.5","0"
"77411","RD","L","18.5","57"
"77411","RD","M","17.5","52"
"77411","RD","S","17.5","62"
"77411","RD","XL","19.5","61"
"77411","RD","XS","17.5","61"
"77411","RD","XXL","20.5","44"
"77412","GRY","L","0","6"
"77412","GRY","M","0","-1"
"77412","YW","L","18.5","17"
"77412","YW","M","17.5","12"
"77412","YW","S","17.5","16"
"77412","YW","XL","19.5","37"
"77412","YW","XS","17.5","31"
"77412","YW","XXL","20.5","61"
"77510","BG","L","17","24"
"77510","BG","M","17","22"
"77510","BG","S","17","27"
"77510","BG","XL","17","21"
"77510","BG","XS","17","0"
"81110","GN","L","13.5","57"
"81110","GN","M","13.5","71"
"81110","GN","S","13.5","68"
"81110","GN","XL","13.5","55"
"81110","GN","XS","13.5","54"
"81111","YW","S","13.5","10"
"81111","YW","XS","13.5","39"
"83112","PK","L","12.5","56"
"83112","PK","M","12.5","111"
"83112","PK","S","12.5","81"
"83112","PK","XL","12.5","33"
"83112","PK","XS","12.5","46"
"83112","PK","XXL","12.5","27"
"83113","BL","L","12.5","9"
"83113","BL","M","12.5","11"
"83113","BL","S","12.5","9"
"83113","BL","XL","12.5","20"
"83113","BL","XS","12.5","13"
"83113","BL","XXL","12.5","9"
"83114","RD","L","12.5","51"
"83114","RD","M","12.5","78"
"83114","RD","S","12.5","59"
"83114","RD","XL","12.5","42"
"83114","RD","XS","12.5","62"
"83114","RD","XXL","12.5","11"
"83120","BL","L","14.5","13"
"83120","BL","M","14.5","39"
"83120","BL","S","14.5","22"
"83120","BL","XL","14.5","26"
"83120","BL","XS","14.5","37"
"83130","YW","L","14.5","38"
"83130","YW","M","14.5","38"
"83130","YW","S","14.5","39"
"83130","YW","XL","14.5","8"
"83130","YW","XS","14.5","18"
"83140","PK","L","14.5","16"
"83140","PK","M","14.5","37"
"83140","PK","S","14.5","50"
"83140","PK","XL","14.5","17"
"83140","PK","XS","14.5","41"
"83310","GN","L","12.5","0"
"83310","GN","M","12.5","0"
"83310","GN","S","12.5","0"
"83310","GN","XL","12.5","-1"
"83310","GN","XS","12.5","17"
"83311","PK","L","12.5","-3"
"83311","PK","M","12.5","-2"
"83311","PK","S","12.5","0"
"83311","PK","XL","12.5","-3"
"83311","PK","XS","12.5","-1"
"83320","PK","L","12.5","43"
"83320","PK","M","12.5","52"
"83320","PK","S","12.5","56"
"83320","PK","XL","12.5","21"
"83320","PK","XS","12.5","60"
"83321","OR","L","12.5","0"
"83321","OR","M","12.5","-2"
"83321","OR","S","12.5","21"
"83321","OR","XL","12.5","7"
"83321","OR","XS","12.5","26"
"83322","RD","L","12.5","35"
"83322","RD","M","12.5","54"
"83322","RD","S","12.5","89"
"83322","RD","XL","12.5","45"
"83322","RD","XS","12.5","38"
"10001","A","none","10","0"
"1010","PBN","none","4.5","86"
"1011","POR","none","4.5","140"
"1012","PBK","none","4.75","29"
"1020","PRD","none","4.5","63"
"1021","PBL","none","4.5","224"
"1022","PCR","none","4.5","246"
"1030","PPK","none","4.75","148"
"1031","PYW","none","4.75","116"
"1040","PPK","none","4.95","39"
"1041","PBN","none","4.95","193"
"1042","PGN","none","5.5","0"
"1050","PBN","none","4.5","140"
"1051","PGN","none","4.5","96"
"1052","PYW","none","4.5","225"
"1053","PBK","none","4.5","2"
"1054","PPK","none","4.5","60"
"1060","PRD","none","4.5","120"
"1070","PRD","none","4.85","15"
"1080","PBK","none","4.75","130"
"1081","PRD","none","4.95","61"
"1090","PRD","none","4.75","101"
"1091","PYW","none","4.75","240"
"1092","PYW","none","4.5","69"
"1093","PBL","none","4.5","151"
"1094","PRD","none","4.5","215"
"1110","POR","none","4.5","130"
"1120","PPK","none","4.5","258"
"1121","PCR","none","4.5","249"
"1130","PBN","none","4.5","153"
"1140","PWT","none","4.75","87"
"1141","PYW","none","6.5","76"
"1150","PGN","none","6.5","26"
"1151","PPR","none","6.5","93"
"1160","PRD","none","4.95","1"
"1170","PBL","none","6.5","178"
"1171","PBL","none","6.5","174"
"2010","PPK","M","4","0"
"2010","PPK","S","4","0"
"2010","PPK","XS","4","0"
"2310","PPK","L","4.85","7"
"2310","PPK","M","4.85","7"
"2310","PPK","S","4.85","14"
"2310","PPK","XL","4.85","15"
"2310","PPK","XS","4.85","12"
"2311","PWT","L","4.85","5"
"2311","PWT","M","4.85","0"
"2311","PWT","S","4.85","0"
"2311","PWT","XL","4.85","12"
"2311","PWT","XS","4.85","0"
"2410","PPK","L","8.5","17"
"2410","PPK","M","8.5","43"
"2410","PPK","S","8.5","76"
"2410","PPK","XL","8.5","5"
"2410","PPK","XS","8.5","46"
"2410","PPK","XXS","8.5","10"
"4010","PPK","L","12","47"
"4010","PPK","M","12","27"
"4010","PPK","S","12","35"
"4010","PPK","XL","12","39"
"4010","PPK","XS","12","59"
"4011","PBL","L","12","60"
"4011","PBL","M","12","61"
"4011","PBL","S","12","64"
"4011","PBL","XL","12","46"
"4011","PBL","XS","12","63"
"4012","PBK","L","12","66"
"4012","PBK","M","12","50"
"4012","PBK","S","12","63"
"4012","PBK","XL","12","67"
"4012","PBK","XS","12","57"
"4013","PRD","L","12","32"
"4013","PRD","M","12","40"
"4013","PRD","S","12","43"
"4013","PRD","XL","12","37"
"4013","PRD","XS","12","52"
"5130","PPK","L","8.5","47"
"5130","PPK","M","8.5","26"
"5130","PPK","S","8.5","13"
"5130","PPK","XL","8.5","61"
"5130","PPK","XS","8.5","42"
"5130","PPK","XXS","8.5","56"
"5131","PBL","L","8.5","16"
"5131","PBL","M","8.5","30"
"5131","PBL","S","8.5","36"
"5131","PBL","XL","8.5","12"
"5131","PBL","XS","8.5","21"
"5131","PBL","XXS","8.5","40"
"5132","PRD","L","8.5","24"
"5132","PRD","M","8.5","27"
"5132","PRD","S","8.5","45"
"5132","PRD","XL","8.5","50"
"5132","PRD","XS","8.5","44"
"5132","PRD","XXS","8.5","42"
"5133","PGN","L","8.5","33"
"5133","PGN","M","8.5","55"
"5133","PGN","S","8.5","49"
"5133","PGN","XL","8.5","22"
"5133","PGN","XS","8.5","32"
"5133","PGN","XXS","8.5","22"
"5134","PGRY","L","8.5","59"
"5134","PGRY","M","8.5","48"
"5134","PGRY","S","8.5","62"
"5134","PGRY","XL","8.5","61"
"5134","PGRY","XS","8.5","30"
"5134","PGRY","XXS","8.5","65"
"5135","PBL","L","8.5","22"
"5135","PBL","M","8.5","30"
"5135","PBL","S","8.5","31"
"5135","PBL","XL","8.5","9"
"5135","PBL","XS","8.5","29"
"5135","PBL","XXS","8.5","27"
"5211","PGRY","L","5.9","8"
"5211","PGRY","M","5.9","14"
"5211","PGRY","S","5.9","16"
"5211","PGRY","XS","5.9","14"
"5350","PPK","L","6.7","3"
"5350","PPK","M","6.7","15"
"5350","PPK","S","6.7","15"
"5350","PPK","XL","6.7","3"
"5350","PPK","XS","6.7","8"
"5350","PPK","XXS","6.7","9"
"5351","PBK","L","6.7","0"
"5351","PBK","M","6.7","9"
"5351","PBK","S","6.7","5"
"5351","PBK","XL","6.7","1"
"5351","PBK","XS","6.7","4"
"5351","PBK","XXS","6.7","3"
"5360","PMC","L","8.5","73"
"5360","PMC","M","8.5","75"
"5360","PMC","S","8.5","108"
"5360","PMC","XL","8.5","27"
"5360","PMC","XS","8.5","80"
"5360","PMC","XXS","8.5","29"
"5420","PPK","S","6.5","8"
"5421","PGN","S","6.5","19"
"5421","PGN","XS","6.5","0"
"5421","PGN","XXS","6.5","0"
"7111","PGN","XS","9.99","8"
"7112","PBN","M","9.99","0"
"7112","PBN","XL","10.99","25"
"7112","PBN","XS","9.99","23"
"7211","PPK","XL","8.95","0"
"7211","PPK","XS","8.95","0"
"7310","PPK","L","11","19"
"7310","PPK","M","11","0"
"7310","PPK","S","11","0"
"7310","PPK","XL","12","16"
"7310","PPK","XS","11","16"
"7311","PRD","L","11","0"
"7311","PRD","XL","12","0"
"7312","PBL","S","11","29"
"7312","PBL","XL","12","10"
"7312","PBL","XS","11","1"
"7410","PPK","L","4.5","0"
"7410","PPK","M","5.99","0"
"7410","PPK","S","5.99","-1"
"7410","PPK","XL","5.99","0"
"7410","PPK","XS","5.99","5"
"7411","PBL","L","5.99","0"
"7411","PBL","M","5.99","3"
"7411","PBL","S","5.99","0"
"7411","PBL","XL","5.99","1"
"7411","PBL","XS","5.99","-1"
"7412","PGN","L","5.99","2"
"7412","PGN","M","5.99","0"
"7412","PGN","S","5.99","8"
"7412","PGN","XL","5.99","2"
"7412","PGN","XS","5.99","15"
"9210","PPK","L","8.99","16"
"9210","PPK","M","8.99","4"
"9210","PPK","S","8.99","0"
"9210","PPK","XL","8.99","6"
"9210","PPK","XS","8.99","0"
"9210","PPK","XXS","8.99","0"
"9211","PRD","L","8.99","10"
"9211","PRD","M","8.99","0"
"9211","PRD","S","8.99","0"
"9211","PRD","XL","8.99","25"
"9211","PRD","XS","8.99","13"
"9211","PRD","XXS","8.99","0"
"9212","PBL","L","8.99","0"
"9212","PBL","M","8.99","1"
"9212","PBL","S","8.99","1"
"9212","PBL","XL","8.99","15"
"9212","PBL","XS","8.99","19"
"9212","PBL","XXS","8.99","0"
